Version,Relative path,LOC,LOC added,Avg LOC added,Max LOC added,Churn,Avg churn,Max churn,Avg chg set,Max chg set,Num. of authors,Num. of revs.,Buggy
0.9.0.1,storm-core/src/jvm/backtype/storm/Config.java,958,1107,35,171,278,9,170,3,17,10,32,no
0.9.0.1,storm-core/src/jvm/backtype/storm/ConfigValidation.java,89,108,22,82,96,19,82,2,2,3,5,no
0.9.0.1,storm-core/src/jvm/backtype/storm/Constants.java,18,0,0,0,0,0,0,0,0,0,0,no
0.9.0.1,storm-core/src/jvm/backtype/storm/ILocalCluster.java,30,0,0,0,0,0,0,0,0,0,0,no
0.9.0.1,storm-core/src/jvm/backtype/storm/ILocalDRPC.java,10,0,0,0,0,0,0,0,0,0,0,no
0.9.0.1,storm-core/src/jvm/backtype/storm/StormSubmitter.java,152,0,0,0,0,0,0,0,0,0,0,no
0.9.0.1,storm-core/src/jvm/backtype/storm/clojure/ClojureBolt.java,102,0,0,0,0,0,0,0,0,0,0,no
0.9.0.1,storm-core/src/jvm/backtype/storm/clojure/ClojureSpout.java,136,0,0,0,0,0,0,0,0,0,0,no
0.9.0.1,storm-core/src/jvm/backtype/storm/clojure/RichShellBolt.java,34,2,1,1,0,0,0,10,14,1,2,no
0.9.0.1,storm-core/src/jvm/backtype/storm/clojure/RichShellSpout.java,34,2,1,1,0,0,0,10,14,1,2,no
0.9.0.1,storm-core/src/jvm/backtype/storm/coordination/BatchBoltExecutor.java,91,0,0,0,0,0,0,0,0,0,0,no
0.9.0.1,storm-core/src/jvm/backtype/storm/coordination/BatchOutputCollector.java,29,0,0,0,0,0,0,0,0,0,0,no
0.9.0.1,storm-core/src/jvm/backtype/storm/coordination/BatchOutputCollectorImpl.java,36,0,0,0,0,0,0,0,0,0,0,no
0.9.0.1,storm-core/src/jvm/backtype/storm/coordination/BatchSubtopologyBuilder.java,419,0,0,0,0,0,0,0,0,0,0,no
0.9.0.1,storm-core/src/jvm/backtype/storm/coordination/CoordinatedBolt.java,365,0,0,0,0,0,0,0,0,0,0,no
0.9.0.1,storm-core/src/jvm/backtype/storm/coordination/IBatchBolt.java,13,0,0,0,0,0,0,0,0,0,0,no
0.9.0.1,storm-core/src/jvm/backtype/storm/daemon/Shutdownable.java,5,0,0,0,0,0,0,0,0,0,0,no
0.9.0.1,storm-core/src/jvm/backtype/storm/drpc/DRPCInvocationsClient.java,74,0,0,0,0,0,0,0,0,0,0,no
0.9.0.1,storm-core/src/jvm/backtype/storm/drpc/DRPCSpout.java,152,0,0,0,0,0,0,0,0,0,0,no
0.9.0.1,storm-core/src/jvm/backtype/storm/drpc/JoinResult.java,58,0,0,0,0,0,0,0,0,0,0,no
0.9.0.1,storm-core/src/jvm/backtype/storm/drpc/KeyedFairBolt.java,76,0,0,0,0,0,0,0,0,0,0,no
0.9.0.1,storm-core/src/jvm/backtype/storm/drpc/LinearDRPCInputDeclarer.java,32,0,0,0,0,0,0,0,0,0,0,no
0.9.0.1,storm-core/src/jvm/backtype/storm/drpc/LinearDRPCTopologyBuilder.java,366,0,0,0,0,0,0,0,0,0,0,no
0.9.0.1,storm-core/src/jvm/backtype/storm/drpc/PrepareRequest.java,42,0,0,0,0,0,0,0,0,0,0,no
0.9.0.1,storm-core/src/jvm/backtype/storm/drpc/ReturnResults.java,78,0,0,0,0,0,0,0,0,0,0,no
0.9.0.1,storm-core/src/jvm/backtype/storm/generated/AlreadyAliveException.java,327,0,0,0,0,0,0,0,0,0,0,no
0.9.0.1,storm-core/src/jvm/backtype/storm/generated/Bolt.java,426,0,0,0,0,0,0,0,0,0,0,no
0.9.0.1,storm-core/src/jvm/backtype/storm/generated/BoltStats.java,1110,0,0,0,0,0,0,0,0,0,0,no
0.9.0.1,storm-core/src/jvm/backtype/storm/generated/ClusterSummary.java,597,0,0,0,0,0,0,0,0,0,0,no
0.9.0.1,storm-core/src/jvm/backtype/storm/generated/ComponentCommon.java,706,0,0,0,0,0,0,0,0,0,0,no
0.9.0.1,storm-core/src/jvm/backtype/storm/generated/ComponentObject.java,385,0,0,0,0,0,0,0,0,0,0,no
0.9.0.1,storm-core/src/jvm/backtype/storm/generated/DRPCExecutionException.java,327,0,0,0,0,0,0,0,0,0,0,no
0.9.0.1,storm-core/src/jvm/backtype/storm/generated/DRPCRequest.java,424,0,0,0,0,0,0,0,0,0,0,no
0.9.0.1,storm-core/src/jvm/backtype/storm/generated/DistributedRPC.java,964,0,0,0,0,0,0,0,0,0,0,no
0.9.0.1,storm-core/src/jvm/backtype/storm/generated/DistributedRPCInvocations.java,2015,0,0,0,0,0,0,0,0,0,0,no
0.9.0.1,storm-core/src/jvm/backtype/storm/generated/ErrorInfo.java,424,0,0,0,0,0,0,0,0,0,0,no
0.9.0.1,storm-core/src/jvm/backtype/storm/generated/ExecutorInfo.java,419,0,0,0,0,0,0,0,0,0,0,no
0.9.0.1,storm-core/src/jvm/backtype/storm/generated/ExecutorSpecificStats.java,318,0,0,0,0,0,0,0,0,0,0,no
0.9.0.1,storm-core/src/jvm/backtype/storm/generated/ExecutorStats.java,678,0,0,0,0,0,0,0,0,0,0,no
0.9.0.1,storm-core/src/jvm/backtype/storm/generated/ExecutorSummary.java,807,0,0,0,0,0,0,0,0,0,0,no
0.9.0.1,storm-core/src/jvm/backtype/storm/generated/GlobalStreamId.java,424,0,0,0,0,0,0,0,0,0,0,no
0.9.0.1,storm-core/src/jvm/backtype/storm/generated/Grouping.java,662,0,0,0,0,0,0,0,0,0,0,no
0.9.0.1,storm-core/src/jvm/backtype/storm/generated/InvalidTopologyException.java,327,0,0,0,0,0,0,0,0,0,0,no
0.9.0.1,storm-core/src/jvm/backtype/storm/generated/JavaObject.java,462,0,0,0,0,0,0,0,0,0,0,no
0.9.0.1,storm-core/src/jvm/backtype/storm/generated/JavaObjectArg.java,532,0,0,0,0,0,0,0,0,0,0,no
0.9.0.1,storm-core/src/jvm/backtype/storm/generated/KillOptions.java,319,0,0,0,0,0,0,0,0,0,0,no
0.9.0.1,storm-core/src/jvm/backtype/storm/generated/Nimbus.java,13491,0,0,0,0,0,0,0,0,0,0,no
0.9.0.1,storm-core/src/jvm/backtype/storm/generated/NotAliveException.java,327,0,0,0,0,0,0,0,0,0,0,no
0.9.0.1,storm-core/src/jvm/backtype/storm/generated/NullStruct.java,224,0,0,0,0,0,0,0,0,0,0,no
0.9.0.1,storm-core/src/jvm/backtype/storm/generated/RebalanceOptions.java,548,0,0,0,0,0,0,0,0,0,0,no
0.9.0.1,storm-core/src/jvm/backtype/storm/generated/ShellComponent.java,416,0,0,0,0,0,0,0,0,0,0,no
0.9.0.1,storm-core/src/jvm/backtype/storm/generated/SpoutSpec.java,426,0,0,0,0,0,0,0,0,0,0,no
0.9.0.1,storm-core/src/jvm/backtype/storm/generated/SpoutStats.java,755,0,0,0,0,0,0,0,0,0,0,no
0.9.0.1,storm-core/src/jvm/backtype/storm/generated/StateSpoutSpec.java,426,0,0,0,0,0,0,0,0,0,0,no
0.9.0.1,storm-core/src/jvm/backtype/storm/generated/StormTopology.java,659,0,0,0,0,0,0,0,0,0,0,no
0.9.0.1,storm-core/src/jvm/backtype/storm/generated/StreamInfo.java,461,0,0,0,0,0,0,0,0,0,0,no
0.9.0.1,storm-core/src/jvm/backtype/storm/generated/SubmitOptions.java,339,0,0,0,0,0,0,0,0,0,0,no
0.9.0.1,storm-core/src/jvm/backtype/storm/generated/SupervisorSummary.java,705,0,0,0,0,0,0,0,0,0,0,no
0.9.0.1,storm-core/src/jvm/backtype/storm/generated/TopologyInfo.java,917,0,0,0,0,0,0,0,0,0,0,no
0.9.0.1,storm-core/src/jvm/backtype/storm/generated/TopologyInitialStatus.java,44,0,0,0,0,0,0,0,0,0,0,no
0.9.0.1,storm-core/src/jvm/backtype/storm/generated/TopologySummary.java,894,0,0,0,0,0,0,0,0,0,0,no
0.9.0.1,storm-core/src/jvm/backtype/storm/grouping/CustomStreamGrouping.java,26,0,0,0,0,0,0,0,0,0,0,no
0.9.0.1,storm-core/src/jvm/backtype/storm/hooks/BaseTaskHook.java,44,0,0,0,0,0,0,0,0,0,0,no
0.9.0.1,storm-core/src/jvm/backtype/storm/hooks/ITaskHook.java,21,0,0,0,0,0,0,0,0,0,0,no
0.9.0.1,storm-core/src/jvm/backtype/storm/hooks/info/BoltAckInfo.java,15,0,0,0,0,0,0,0,0,0,0,no
0.9.0.1,storm-core/src/jvm/backtype/storm/hooks/info/BoltExecuteInfo.java,15,0,0,0,0,0,0,0,0,0,0,no
0.9.0.1,storm-core/src/jvm/backtype/storm/hooks/info/BoltFailInfo.java,15,0,0,0,0,0,0,0,0,0,0,no
0.9.0.1,storm-core/src/jvm/backtype/storm/hooks/info/EmitInfo.java,18,0,0,0,0,0,0,0,0,0,0,no
0.9.0.1,storm-core/src/jvm/backtype/storm/hooks/info/SpoutAckInfo.java,13,0,0,0,0,0,0,0,0,0,0,no
0.9.0.1,storm-core/src/jvm/backtype/storm/hooks/info/SpoutFailInfo.java,13,0,0,0,0,0,0,0,0,0,0,no
0.9.0.1,storm-core/src/jvm/backtype/storm/messaging/IConnection.java,21,21,21,21,21,21,21,435,435,1,1,no
0.9.0.1,storm-core/src/jvm/backtype/storm/messaging/IContext.java,42,42,42,42,42,42,42,435,435,1,1,no
0.9.0.1,storm-core/src/jvm/backtype/storm/messaging/TaskMessage.java,36,94,19,36,36,7,36,92,435,2,5,no
0.9.0.1,storm-core/src/jvm/backtype/storm/messaging/TransportFactory.java,40,40,40,40,40,40,40,435,435,1,1,no
0.9.0.1,storm-core/src/jvm/backtype/storm/metric/LoggingMetricsConsumer.java,55,110,55,55,110,55,55,1,1,2,2,no
0.9.0.1,storm-core/src/jvm/backtype/storm/metric/MetricsConsumerBolt.java,47,0,0,0,0,0,0,0,0,0,0,no
0.9.0.1,storm-core/src/jvm/backtype/storm/metric/SystemBolt.java,138,181,23,139,136,17,139,58,435,5,8,no
0.9.0.1,storm-core/src/jvm/backtype/storm/metric/api/AssignableMetric.java,17,0,0,0,0,0,0,0,0,0,0,no
0.9.0.1,storm-core/src/jvm/backtype/storm/metric/api/CombinedMetric.java,21,0,0,0,0,0,0,0,0,0,0,no
0.9.0.1,storm-core/src/jvm/backtype/storm/metric/api/CountMetric.java,24,0,0,0,0,0,0,0,0,0,0,no
0.9.0.1,storm-core/src/jvm/backtype/storm/metric/api/ICombiner.java,6,0,0,0,0,0,0,0,0,0,0,no
0.9.0.1,storm-core/src/jvm/backtype/storm/metric/api/IMetric.java,5,0,0,0,0,0,0,0,0,0,0,no
0.9.0.1,storm-core/src/jvm/backtype/storm/metric/api/IMetricsConsumer.java,43,0,0,0,0,0,0,0,0,0,0,no
0.9.0.1,storm-core/src/jvm/backtype/storm/metric/api/IReducer.java,7,0,0,0,0,0,0,0,0,0,0,no
0.9.0.1,storm-core/src/jvm/backtype/storm/metric/api/IStatefulObject.java,5,10,5,5,10,5,5,3,3,2,2,no
0.9.0.1,storm-core/src/jvm/backtype/storm/metric/api/MeanReducer.java,38,0,0,0,0,0,0,0,0,0,0,no
0.9.0.1,storm-core/src/jvm/backtype/storm/metric/api/MultiCountMetric.java,28,0,0,0,0,0,0,0,0,0,0,no
0.9.0.1,storm-core/src/jvm/backtype/storm/metric/api/MultiReducedMetric.java,33,0,0,0,0,0,0,0,0,0,0,no
0.9.0.1,storm-core/src/jvm/backtype/storm/metric/api/ReducedMetric.java,21,0,0,0,0,0,0,0,0,0,0,no
0.9.0.1,storm-core/src/jvm/backtype/storm/metric/api/StateMetric.java,14,28,14,14,28,14,14,3,3,2,2,no
0.9.0.1,storm-core/src/jvm/backtype/storm/nimbus/DefaultTopologyValidator.java,14,9,2,4,6,2,3,1,2,2,4,no
0.9.0.1,storm-core/src/jvm/backtype/storm/nimbus/ITopologyValidator.java,11,5,1,1,2,0,1,1,2,2,5,no
0.9.0.1,storm-core/src/jvm/backtype/storm/planner/CompoundSpout.java,8,0,0,0,0,0,0,0,0,0,0,no
0.9.0.1,storm-core/src/jvm/backtype/storm/planner/CompoundTask.java,8,0,0,0,0,0,0,0,0,0,0,no
0.9.0.1,storm-core/src/jvm/backtype/storm/planner/TaskBundle.java,16,0,0,0,0,0,0,0,0,0,0,no
0.9.0.1,storm-core/src/jvm/backtype/storm/scheduler/Cluster.java,418,0,0,0,0,0,0,0,0,0,0,no
0.9.0.1,storm-core/src/jvm/backtype/storm/scheduler/ExecutorDetails.java,37,0,0,0,0,0,0,0,0,0,0,no
0.9.0.1,storm-core/src/jvm/backtype/storm/scheduler/INimbus.java,22,0,0,0,0,0,0,0,0,0,0,no
0.9.0.1,storm-core/src/jvm/backtype/storm/scheduler/IScheduler.java,23,0,0,0,0,0,0,0,0,0,0,no
0.9.0.1,storm-core/src/jvm/backtype/storm/scheduler/ISupervisor.java,28,0,0,0,0,0,0,0,0,0,0,no
0.9.0.1,storm-core/src/jvm/backtype/storm/scheduler/SchedulerAssignment.java,41,0,0,0,0,0,0,0,0,0,0,no
0.9.0.1,storm-core/src/jvm/backtype/storm/scheduler/SchedulerAssignmentImpl.java,93,0,0,0,0,0,0,0,0,0,0,no
0.9.0.1,storm-core/src/jvm/backtype/storm/scheduler/SupervisorDetails.java,72,0,0,0,0,0,0,0,0,0,0,no
0.9.0.1,storm-core/src/jvm/backtype/storm/scheduler/Topologies.java,40,0,0,0,0,0,0,0,0,0,0,no
0.9.0.1,storm-core/src/jvm/backtype/storm/scheduler/TopologyDetails.java,72,0,0,0,0,0,0,0,0,0,0,no
0.9.0.1,storm-core/src/jvm/backtype/storm/scheduler/WorkerSlot.java,35,0,0,0,0,0,0,0,0,0,0,no
0.9.0.1,storm-core/src/jvm/backtype/storm/security/auth/AuthUtils.java,80,0,0,0,0,0,0,0,0,0,0,no
0.9.0.1,storm-core/src/jvm/backtype/storm/security/auth/IAuthorizer.java,30,0,0,0,0,0,0,0,0,0,0,no
0.9.0.1,storm-core/src/jvm/backtype/storm/security/auth/ITransportPlugin.java,38,0,0,0,0,0,0,0,0,0,0,no
0.9.0.1,storm-core/src/jvm/backtype/storm/security/auth/ReqContext.java,91,0,0,0,0,0,0,0,0,0,0,no
0.9.0.1,storm-core/src/jvm/backtype/storm/security/auth/SaslTransportPlugin.java,143,0,0,0,0,0,0,0,0,0,0,no
0.9.0.1,storm-core/src/jvm/backtype/storm/security/auth/SimpleTransportPlugin.java,107,0,0,0,0,0,0,0,0,0,0,no
0.9.0.1,storm-core/src/jvm/backtype/storm/security/auth/ThriftClient.java,62,0,0,0,0,0,0,0,0,0,0,no
0.9.0.1,storm-core/src/jvm/backtype/storm/security/auth/ThriftServer.java,62,0,0,0,0,0,0,0,0,0,0,no
0.9.0.1,storm-core/src/jvm/backtype/storm/security/auth/authorizer/DenyAuthorizer.java,40,0,0,0,0,0,0,0,0,0,0,no
0.9.0.1,storm-core/src/jvm/backtype/storm/security/auth/authorizer/NoopAuthorizer.java,40,0,0,0,0,0,0,0,0,0,0,no
0.9.0.1,storm-core/src/jvm/backtype/storm/security/auth/digest/ClientCallbackHandler.java,93,0,0,0,0,0,0,0,0,0,0,no
0.9.0.1,storm-core/src/jvm/backtype/storm/security/auth/digest/DigestSaslTransportPlugin.java,52,0,0,0,0,0,0,0,0,0,0,no
0.9.0.1,storm-core/src/jvm/backtype/storm/security/auth/digest/ServerCallbackHandler.java,97,0,0,0,0,0,0,0,0,0,0,no
0.9.0.1,storm-core/src/jvm/backtype/storm/security/serialization/BlowfishTupleSerializer.java,72,0,0,0,0,0,0,0,0,0,0,no
0.9.0.1,storm-core/src/jvm/backtype/storm/serialization/DefaultKryoFactory.java,47,0,0,0,0,0,0,0,0,0,0,no
0.9.0.1,storm-core/src/jvm/backtype/storm/serialization/IKryoDecorator.java,6,0,0,0,0,0,0,0,0,0,0,no
0.9.0.1,storm-core/src/jvm/backtype/storm/serialization/IKryoFactory.java,23,0,0,0,0,0,0,0,0,0,0,no
0.9.0.1,storm-core/src/jvm/backtype/storm/serialization/ITupleDeserializer.java,8,0,0,0,0,0,0,0,0,0,0,no
0.9.0.1,storm-core/src/jvm/backtype/storm/serialization/ITupleSerializer.java,9,0,0,0,0,0,0,0,0,0,0,no
0.9.0.1,storm-core/src/jvm/backtype/storm/serialization/KryoTupleDeserializer.java,42,0,0,0,0,0,0,0,0,0,0,no
0.9.0.1,storm-core/src/jvm/backtype/storm/serialization/KryoTupleSerializer.java,43,0,0,0,0,0,0,0,0,0,0,no
0.9.0.1,storm-core/src/jvm/backtype/storm/serialization/KryoValuesDeserializer.java,34,0,0,0,0,0,0,0,0,0,0,no
0.9.0.1,storm-core/src/jvm/backtype/storm/serialization/KryoValuesSerializer.java,41,0,0,0,0,0,0,0,0,0,0,no
0.9.0.1,storm-core/src/jvm/backtype/storm/serialization/SerializableSerializer.java,44,0,0,0,0,0,0,0,0,0,0,no
0.9.0.1,storm-core/src/jvm/backtype/storm/serialization/SerializationFactory.java,207,0,0,0,0,0,0,0,0,0,0,no
0.9.0.1,storm-core/src/jvm/backtype/storm/serialization/types/ArrayListSerializer.java,15,0,0,0,0,0,0,0,0,0,0,no
0.9.0.1,storm-core/src/jvm/backtype/storm/serialization/types/HashMapSerializer.java,15,0,0,0,0,0,0,0,0,0,0,no
0.9.0.1,storm-core/src/jvm/backtype/storm/serialization/types/HashSetSerializer.java,15,0,0,0,0,0,0,0,0,0,0,no
0.9.0.1,storm-core/src/jvm/backtype/storm/serialization/types/ListDelegateSerializer.java,15,0,0,0,0,0,0,0,0,0,0,no
0.9.0.1,storm-core/src/jvm/backtype/storm/spout/IMultiSchemableSpout.java,6,0,0,0,0,0,0,0,0,0,0,no
0.9.0.1,storm-core/src/jvm/backtype/storm/spout/ISchemableSpout.java,7,0,0,0,0,0,0,0,0,0,0,no
0.9.0.1,storm-core/src/jvm/backtype/storm/spout/ISpout.java,88,0,0,0,0,0,0,0,0,0,0,no
0.9.0.1,storm-core/src/jvm/backtype/storm/spout/ISpoutOutputCollector.java,12,0,0,0,0,0,0,0,0,0,0,no
0.9.0.1,storm-core/src/jvm/backtype/storm/spout/ISpoutWaitStrategy.java,17,0,0,0,0,0,0,0,0,0,0,no
0.9.0.1,storm-core/src/jvm/backtype/storm/spout/MultiScheme.java,11,0,0,0,0,0,0,0,0,0,0,no
0.9.0.1,storm-core/src/jvm/backtype/storm/spout/NothingEmptyEmitStrategy.java,14,0,0,0,0,0,0,0,0,0,0,no
0.9.0.1,storm-core/src/jvm/backtype/storm/spout/RawMultiScheme.java,21,0,0,0,0,0,0,0,0,0,0,no
0.9.0.1,storm-core/src/jvm/backtype/storm/spout/RawScheme.java,15,0,0,0,0,0,0,0,0,0,0,no
0.9.0.1,storm-core/src/jvm/backtype/storm/spout/Scheme.java,11,0,0,0,0,0,0,0,0,0,0,no
0.9.0.1,storm-core/src/jvm/backtype/storm/spout/SchemeAsMultiScheme.java,24,0,0,0,0,0,0,0,0,0,0,no
0.9.0.1,storm-core/src/jvm/backtype/storm/spout/ShellSpout.java,120,31,5,11,-132,-22,2,8,14,1,6,no
0.9.0.1,storm-core/src/jvm/backtype/storm/spout/SleepSpoutWaitStrategy.java,24,0,0,0,0,0,0,0,0,0,0,no
0.9.0.1,storm-core/src/jvm/backtype/storm/spout/SpoutOutputCollector.java,117,0,0,0,0,0,0,0,0,0,0,no
0.9.0.1,storm-core/src/jvm/backtype/storm/state/IStateSpout.java,12,0,0,0,0,0,0,0,0,0,0,no
0.9.0.1,storm-core/src/jvm/backtype/storm/state/IStateSpoutOutputCollector.java,5,0,0,0,0,0,0,0,0,0,0,no
0.9.0.1,storm-core/src/jvm/backtype/storm/state/ISubscribedState.java,8,0,0,0,0,0,0,0,0,0,0,no
0.9.0.1,storm-core/src/jvm/backtype/storm/state/ISynchronizeOutputCollector.java,7,0,0,0,0,0,0,0,0,0,0,no
0.9.0.1,storm-core/src/jvm/backtype/storm/state/StateSpoutOutputCollector.java,11,0,0,0,0,0,0,0,0,0,0,no
0.9.0.1,storm-core/src/jvm/backtype/storm/state/SynchronizeOutputCollector.java,13,0,0,0,0,0,0,0,0,0,0,no
0.9.0.1,storm-core/src/jvm/backtype/storm/task/GeneralTopologyContext.java,181,0,0,0,0,0,0,0,0,0,0,no
0.9.0.1,storm-core/src/jvm/backtype/storm/task/IBolt.java,67,0,0,0,0,0,0,0,0,0,0,no
0.9.0.1,storm-core/src/jvm/backtype/storm/task/IErrorReporter.java,5,0,0,0,0,0,0,0,0,0,0,no
0.9.0.1,storm-core/src/jvm/backtype/storm/task/IMetricsContext.java,14,0,0,0,0,0,0,0,0,0,0,no
0.9.0.1,storm-core/src/jvm/backtype/storm/task/IOutputCollector.java,15,0,0,0,0,0,0,0,0,0,0,no
0.9.0.1,storm-core/src/jvm/backtype/storm/task/OutputCollector.java,208,0,0,0,0,0,0,0,0,0,0,no
0.9.0.1,storm-core/src/jvm/backtype/storm/task/ShellBolt.java,228,90,9,29,-213,-21,5,5,14,3,10,no
0.9.0.1,storm-core/src/jvm/backtype/storm/task/TopologyContext.java,249,0,0,0,0,0,0,0,0,0,0,no
0.9.0.1,storm-core/src/jvm/backtype/storm/task/WorkerTopologyContext.java,89,0,0,0,0,0,0,0,0,0,0,no
0.9.0.1,storm-core/src/jvm/backtype/storm/testing/AckFailDelegate.java,8,0,0,0,0,0,0,0,0,0,0,no
0.9.0.1,storm-core/src/jvm/backtype/storm/testing/AckFailMapTracker.java,35,0,0,0,0,0,0,0,0,0,0,no
0.9.0.1,storm-core/src/jvm/backtype/storm/testing/AckTracker.java,35,0,0,0,0,0,0,0,0,0,0,no
0.9.0.1,storm-core/src/jvm/backtype/storm/testing/BatchNumberList.java,55,0,0,0,0,0,0,0,0,0,0,no
0.9.0.1,storm-core/src/jvm/backtype/storm/testing/BatchProcessWord.java,22,0,0,0,0,0,0,0,0,0,0,no
0.9.0.1,storm-core/src/jvm/backtype/storm/testing/BatchRepeatA.java,31,0,0,0,0,0,0,0,0,0,0,no
0.9.0.1,storm-core/src/jvm/backtype/storm/testing/BoltTracker.java,25,0,0,0,0,0,0,0,0,0,0,no
0.9.0.1,storm-core/src/jvm/backtype/storm/testing/CompleteTopologyParam.java,50,0,0,0,0,0,0,0,0,0,0,no
0.9.0.1,storm-core/src/jvm/backtype/storm/testing/CountingBatchBolt.java,38,0,0,0,0,0,0,0,0,0,0,no
0.9.0.1,storm-core/src/jvm/backtype/storm/testing/CountingCommitBolt.java,40,0,0,0,0,0,0,0,0,0,0,no
0.9.0.1,storm-core/src/jvm/backtype/storm/testing/FeederSpout.java,83,0,0,0,0,0,0,0,0,0,0,no
0.9.0.1,storm-core/src/jvm/backtype/storm/testing/FixedTuple.java,25,0,0,0,0,0,0,0,0,0,0,no
0.9.0.1,storm-core/src/jvm/backtype/storm/testing/FixedTupleSpout.java,162,46,23,23,40,20,20,1,1,2,2,no
0.9.0.1,storm-core/src/jvm/backtype/storm/testing/IdentityBolt.java,25,0,0,0,0,0,0,0,0,0,0,no
0.9.0.1,storm-core/src/jvm/backtype/storm/testing/KeyedCountingBatchBolt.java,44,0,0,0,0,0,0,0,0,0,0,no
0.9.0.1,storm-core/src/jvm/backtype/storm/testing/KeyedCountingCommitterBolt.java,7,0,0,0,0,0,0,0,0,0,0,no
0.9.0.1,storm-core/src/jvm/backtype/storm/testing/KeyedSummingBatchBolt.java,44,0,0,0,0,0,0,0,0,0,0,no
0.9.0.1,storm-core/src/jvm/backtype/storm/testing/MemoryTransactionalSpout.java,164,0,0,0,0,0,0,0,0,0,0,no
0.9.0.1,storm-core/src/jvm/backtype/storm/testing/MemoryTransactionalSpoutMeta.java,21,0,0,0,0,0,0,0,0,0,0,no
0.9.0.1,storm-core/src/jvm/backtype/storm/testing/MkClusterParam.java,40,0,0,0,0,0,0,0,0,0,0,no
0.9.0.1,storm-core/src/jvm/backtype/storm/testing/MkTupleParam.java,34,0,0,0,0,0,0,0,0,0,0,no
0.9.0.1,storm-core/src/jvm/backtype/storm/testing/MockedSources.java,43,0,0,0,0,0,0,0,0,0,0,no
0.9.0.1,storm-core/src/jvm/backtype/storm/testing/NGrouping.java,33,0,0,0,0,0,0,0,0,0,0,no
0.9.0.1,storm-core/src/jvm/backtype/storm/testing/NonRichBoltTracker.java,34,0,0,0,0,0,0,0,0,0,0,no
0.9.0.1,storm-core/src/jvm/backtype/storm/testing/OpaqueMemoryTransactionalSpout.java,169,0,0,0,0,0,0,0,0,0,0,no
0.9.0.1,storm-core/src/jvm/backtype/storm/testing/PrepareBatchBolt.java,35,0,0,0,0,0,0,0,0,0,0,no
0.9.0.1,storm-core/src/jvm/backtype/storm/testing/SpoutTracker.java,88,0,0,0,0,0,0,0,0,0,0,no
0.9.0.1,storm-core/src/jvm/backtype/storm/testing/TestAggregatesCounter.java,46,0,0,0,0,0,0,0,0,0,0,no
0.9.0.1,storm-core/src/jvm/backtype/storm/testing/TestConfBolt.java,45,0,0,0,0,0,0,0,0,0,0,no
0.9.0.1,storm-core/src/jvm/backtype/storm/testing/TestGlobalCount.java,43,0,0,0,0,0,0,0,0,0,0,no
0.9.0.1,storm-core/src/jvm/backtype/storm/testing/TestJob.java,24,0,0,0,0,0,0,0,0,0,0,no
0.9.0.1,storm-core/src/jvm/backtype/storm/testing/TestKryoDecorator.java,14,0,0,0,0,0,0,0,0,0,0,no
0.9.0.1,storm-core/src/jvm/backtype/storm/testing/TestPlannerBolt.java,28,0,0,0,0,0,0,0,0,0,0,no
0.9.0.1,storm-core/src/jvm/backtype/storm/testing/TestPlannerSpout.java,68,0,0,0,0,0,0,0,0,0,0,no
0.9.0.1,storm-core/src/jvm/backtype/storm/testing/TestSerObject.java,20,0,0,0,0,0,0,0,0,0,0,no
0.9.0.1,storm-core/src/jvm/backtype/storm/testing/TestWordCounter.java,44,0,0,0,0,0,0,0,0,0,0,no
0.9.0.1,storm-core/src/jvm/backtype/storm/testing/TestWordSpout.java,69,0,0,0,0,0,0,0,0,0,0,no
0.9.0.1,storm-core/src/jvm/backtype/storm/testing/TrackedTopology.java,17,0,0,0,0,0,0,0,0,0,0,no
0.9.0.1,storm-core/src/jvm/backtype/storm/testing/TupleCaptureBolt.java,66,0,0,0,0,0,0,0,0,0,0,no
0.9.0.1,storm-core/src/jvm/backtype/storm/topology/BaseConfigurationDeclarer.java,37,0,0,0,0,0,0,0,0,0,0,no
0.9.0.1,storm-core/src/jvm/backtype/storm/topology/BasicBoltExecutor.java,50,0,0,0,0,0,0,0,0,0,0,no
0.9.0.1,storm-core/src/jvm/backtype/storm/topology/BasicOutputCollector.java,45,0,0,0,0,0,0,0,0,0,0,no
0.9.0.1,storm-core/src/jvm/backtype/storm/topology/BoltDeclarer.java,5,0,0,0,0,0,0,0,0,0,0,no
0.9.0.1,storm-core/src/jvm/backtype/storm/topology/ComponentConfigurationDeclarer.java,12,0,0,0,0,0,0,0,0,0,0,no
0.9.0.1,storm-core/src/jvm/backtype/storm/topology/FailedException.java,19,0,0,0,0,0,0,0,0,0,0,no
0.9.0.1,storm-core/src/jvm/backtype/storm/topology/IBasicBolt.java,16,0,0,0,0,0,0,0,0,0,0,no
0.9.0.1,storm-core/src/jvm/backtype/storm/topology/IBasicOutputCollector.java,9,0,0,0,0,0,0,0,0,0,0,no
0.9.0.1,storm-core/src/jvm/backtype/storm/topology/IComponent.java,27,0,0,0,0,0,0,0,0,0,0,no
0.9.0.1,storm-core/src/jvm/backtype/storm/topology/IRichBolt.java,12,0,0,0,0,0,0,0,0,0,0,no
0.9.0.1,storm-core/src/jvm/backtype/storm/topology/IRichSpout.java,12,0,0,0,0,0,0,0,0,0,0,no
0.9.0.1,storm-core/src/jvm/backtype/storm/topology/IRichStateSpout.java,8,0,0,0,0,0,0,0,0,0,0,no
0.9.0.1,storm-core/src/jvm/backtype/storm/topology/InputDeclarer.java,36,0,0,0,0,0,0,0,0,0,0,no
0.9.0.1,storm-core/src/jvm/backtype/storm/topology/OutputFieldsDeclarer.java,15,0,0,0,0,0,0,0,0,0,0,no
0.9.0.1,storm-core/src/jvm/backtype/storm/topology/OutputFieldsGetter.java,36,0,0,0,0,0,0,0,0,0,0,no
0.9.0.1,storm-core/src/jvm/backtype/storm/topology/ReportedFailedException.java,19,0,0,0,0,0,0,0,0,0,0,no
0.9.0.1,storm-core/src/jvm/backtype/storm/topology/SpoutDeclarer.java,5,0,0,0,0,0,0,0,0,0,0,no
0.9.0.1,storm-core/src/jvm/backtype/storm/topology/TopologyBuilder.java,342,0,0,0,0,0,0,0,0,0,0,no
0.9.0.1,storm-core/src/jvm/backtype/storm/topology/base/BaseBasicBolt.java,16,0,0,0,0,0,0,0,0,0,0,no
0.9.0.1,storm-core/src/jvm/backtype/storm/topology/base/BaseBatchBolt.java,8,0,0,0,0,0,0,0,0,0,0,no
0.9.0.1,storm-core/src/jvm/backtype/storm/topology/base/BaseComponent.java,11,0,0,0,0,0,0,0,0,0,0,no
0.9.0.1,storm-core/src/jvm/backtype/storm/topology/base/BaseOpaquePartitionedTransactionalSpout.java,8,0,0,0,0,0,0,0,0,0,0,no
0.9.0.1,storm-core/src/jvm/backtype/storm/topology/base/BasePartitionedTransactionalSpout.java,8,0,0,0,0,0,0,0,0,0,0,no
0.9.0.1,storm-core/src/jvm/backtype/storm/topology/base/BaseRichBolt.java,9,0,0,0,0,0,0,0,0,0,0,no
0.9.0.1,storm-core/src/jvm/backtype/storm/topology/base/BaseRichSpout.java,33,0,0,0,0,0,0,0,0,0,0,no
0.9.0.1,storm-core/src/jvm/backtype/storm/topology/base/BaseTransactionalBolt.java,7,0,0,0,0,0,0,0,0,0,0,no
0.9.0.1,storm-core/src/jvm/backtype/storm/topology/base/BaseTransactionalSpout.java,8,0,0,0,0,0,0,0,0,0,0,no
0.9.0.1,storm-core/src/jvm/backtype/storm/transactional/ICommitter.java,9,0,0,0,0,0,0,0,0,0,0,no
0.9.0.1,storm-core/src/jvm/backtype/storm/transactional/ICommitterTransactionalSpout.java,14,0,0,0,0,0,0,0,0,0,0,no
0.9.0.1,storm-core/src/jvm/backtype/storm/transactional/ITransactionalSpout.java,77,0,0,0,0,0,0,0,0,0,0,no
0.9.0.1,storm-core/src/jvm/backtype/storm/transactional/TransactionAttempt.java,44,0,0,0,0,0,0,0,0,0,0,no
0.9.0.1,storm-core/src/jvm/backtype/storm/transactional/TransactionalSpoutBatchExecutor.java,79,0,0,0,0,0,0,0,0,0,0,no
0.9.0.1,storm-core/src/jvm/backtype/storm/transactional/TransactionalSpoutCoordinator.java,200,0,0,0,0,0,0,0,0,0,0,no
0.9.0.1,storm-core/src/jvm/backtype/storm/transactional/TransactionalTopologyBuilder.java,493,0,0,0,0,0,0,0,0,0,0,no
0.9.0.1,storm-core/src/jvm/backtype/storm/transactional/partitioned/IOpaquePartitionedTransactionalSpout.java,39,0,0,0,0,0,0,0,0,0,0,no
0.9.0.1,storm-core/src/jvm/backtype/storm/transactional/partitioned/IPartitionedTransactionalSpout.java,52,0,0,0,0,0,0,0,0,0,0,no
0.9.0.1,storm-core/src/jvm/backtype/storm/transactional/partitioned/OpaquePartitionedTransactionalSpoutExecutor.java,142,0,0,0,0,0,0,0,0,0,0,no
0.9.0.1,storm-core/src/jvm/backtype/storm/transactional/partitioned/PartitionedTransactionalSpoutExecutor.java,125,0,0,0,0,0,0,0,0,0,0,no
0.9.0.1,storm-core/src/jvm/backtype/storm/transactional/state/RotatingTransactionalState.java,132,0,0,0,0,0,0,0,0,0,0,no
0.9.0.1,storm-core/src/jvm/backtype/storm/transactional/state/TransactionalState.java,122,0,0,0,0,0,0,0,0,0,0,no
0.9.0.1,storm-core/src/jvm/backtype/storm/tuple/Fields.java,83,0,0,0,0,0,0,0,0,0,0,no
0.9.0.1,storm-core/src/jvm/backtype/storm/tuple/MessageId.java,81,0,0,0,0,0,0,0,0,0,0,no
0.9.0.1,storm-core/src/jvm/backtype/storm/tuple/Tuple.java,154,0,0,0,0,0,0,0,0,0,0,no
0.9.0.1,storm-core/src/jvm/backtype/storm/tuple/TupleImpl.java,334,0,0,0,0,0,0,0,0,0,0,no
0.9.0.1,storm-core/src/jvm/backtype/storm/tuple/Values.java,20,0,0,0,0,0,0,0,0,0,0,no
0.9.0.1,storm-core/src/jvm/backtype/storm/utils/BufferFileInputStream.java,37,0,0,0,0,0,0,0,0,0,0,no
0.9.0.1,storm-core/src/jvm/backtype/storm/utils/CRC32OutputStream.java,27,0,0,0,0,0,0,0,0,0,0,no
0.9.0.1,storm-core/src/jvm/backtype/storm/utils/ClojureTimerTask.java,18,0,0,0,0,0,0,0,0,0,0,no
0.9.0.1,storm-core/src/jvm/backtype/storm/utils/Container.java,7,0,0,0,0,0,0,0,0,0,0,no
0.9.0.1,storm-core/src/jvm/backtype/storm/utils/DRPCClient.java,67,0,0,0,0,0,0,0,0,0,0,no
0.9.0.1,storm-core/src/jvm/backtype/storm/utils/DisruptorQueue.java,165,46,23,23,44,22,22,3,3,2,2,no
0.9.0.1,storm-core/src/jvm/backtype/storm/utils/IndifferentAccessMap.java,160,0,0,0,0,0,0,0,0,0,0,no
0.9.0.1,storm-core/src/jvm/backtype/storm/utils/InprocMessaging.java,42,0,0,0,0,0,0,0,0,0,0,no
0.9.0.1,storm-core/src/jvm/backtype/storm/utils/KeyedRoundRobinQueue.java,51,0,0,0,0,0,0,0,0,0,0,no
0.9.0.1,storm-core/src/jvm/backtype/storm/utils/ListDelegate.java,139,0,0,0,0,0,0,0,0,0,0,no
0.9.0.1,storm-core/src/jvm/backtype/storm/utils/LocalState.java,73,0,0,0,0,0,0,0,0,0,0,no
0.9.0.1,storm-core/src/jvm/backtype/storm/utils/MutableInt.java,26,0,0,0,0,0,0,0,0,0,0,no
0.9.0.1,storm-core/src/jvm/backtype/storm/utils/MutableLong.java,26,0,0,0,0,0,0,0,0,0,0,no
0.9.0.1,storm-core/src/jvm/backtype/storm/utils/MutableObject.java,21,0,0,0,0,0,0,0,0,0,0,no
0.9.0.1,storm-core/src/jvm/backtype/storm/utils/NimbusClient.java,37,0,0,0,0,0,0,0,0,0,0,no
0.9.0.1,storm-core/src/jvm/backtype/storm/utils/RegisteredGlobalState.java,47,0,0,0,0,0,0,0,0,0,0,no
0.9.0.1,storm-core/src/jvm/backtype/storm/utils/RotatingMap.java,107,0,0,0,0,0,0,0,0,0,0,no
0.9.0.1,storm-core/src/jvm/backtype/storm/utils/ServiceRegistry.java,30,0,0,0,0,0,0,0,0,0,0,no
0.9.0.1,storm-core/src/jvm/backtype/storm/utils/ShellProcess.java,132,132,33,60,-86,-21,25,10,14,1,4,no
0.9.0.1,storm-core/src/jvm/backtype/storm/utils/ThriftTopologyUtils.java,41,0,0,0,0,0,0,0,0,0,0,no
0.9.0.1,storm-core/src/jvm/backtype/storm/utils/Time.java,86,0,0,0,0,0,0,0,0,0,0,no
0.9.0.1,storm-core/src/jvm/backtype/storm/utils/TimeCacheMap.java,144,0,0,0,0,0,0,0,0,0,0,no
0.9.0.1,storm-core/src/jvm/backtype/storm/utils/Utils.java,398,39,8,11,35,7,11,6,17,3,5,no
0.9.0.1,storm-core/src/jvm/backtype/storm/utils/VersionedStore.java,169,0,0,0,0,0,0,0,0,0,0,no
0.9.0.1,storm-core/src/jvm/backtype/storm/utils/WindowedTimeThrottler.java,34,0,0,0,0,0,0,0,0,0,0,no
0.9.0.1,storm-core/src/jvm/backtype/storm/utils/WritableUtils.java,358,0,0,0,0,0,0,0,0,0,0,no
0.9.0.1,storm-core/src/jvm/backtype/storm/utils/ZookeeperAuthInfo.java,31,0,0,0,0,0,0,0,0,0,0,no
0.9.0.1,storm-core/src/jvm/storm/trident/JoinType.java,13,0,0,0,0,0,0,0,0,0,0,no
0.9.0.1,storm-core/src/jvm/storm/trident/Stream.java,357,0,0,0,0,0,0,0,0,0,0,no
0.9.0.1,storm-core/src/jvm/storm/trident/TridentState.java,23,0,0,0,0,0,0,0,0,0,0,no
0.9.0.1,storm-core/src/jvm/storm/trident/TridentTopology.java,796,0,0,0,0,0,0,0,0,0,0,no
0.9.0.1,storm-core/src/jvm/storm/trident/drpc/ReturnResultsReducer.java,95,0,0,0,0,0,0,0,0,0,0,no
0.9.0.1,storm-core/src/jvm/storm/trident/fluent/ChainedAggregatorDeclarer.java,166,0,0,0,0,0,0,0,0,0,0,no
0.9.0.1,storm-core/src/jvm/storm/trident/fluent/ChainedFullAggregatorDeclarer.java,15,0,0,0,0,0,0,0,0,0,0,no
0.9.0.1,storm-core/src/jvm/storm/trident/fluent/ChainedPartitionAggregatorDeclarer.java,15,0,0,0,0,0,0,0,0,0,0,no
0.9.0.1,storm-core/src/jvm/storm/trident/fluent/GlobalAggregationScheme.java,9,0,0,0,0,0,0,0,0,0,0,no
0.9.0.1,storm-core/src/jvm/storm/trident/fluent/GroupedStream.java,157,0,0,0,0,0,0,0,0,0,0,no
0.9.0.1,storm-core/src/jvm/storm/trident/fluent/IAggregatableStream.java,14,0,0,0,0,0,0,0,0,0,0,no
0.9.0.1,storm-core/src/jvm/storm/trident/fluent/IChainedAggregatorDeclarer.java,7,0,0,0,0,0,0,0,0,0,0,no
0.9.0.1,storm-core/src/jvm/storm/trident/fluent/UniqueIdGen.java,17,0,0,0,0,0,0,0,0,0,0,no
0.9.0.1,storm-core/src/jvm/storm/trident/graph/GraphGrouper.java,106,0,0,0,0,0,0,0,0,0,0,no
0.9.0.1,storm-core/src/jvm/storm/trident/graph/Group.java,70,0,0,0,0,0,0,0,0,0,0,no
0.9.0.1,storm-core/src/jvm/storm/trident/operation/Aggregator.java,9,0,0,0,0,0,0,0,0,0,0,no
0.9.0.1,storm-core/src/jvm/storm/trident/operation/Assembly.java,8,0,0,0,0,0,0,0,0,0,0,no
0.9.0.1,storm-core/src/jvm/storm/trident/operation/BaseAggregator.java,6,0,0,0,0,0,0,0,0,0,0,no
0.9.0.1,storm-core/src/jvm/storm/trident/operation/BaseFilter.java,6,0,0,0,0,0,0,0,0,0,0,no
0.9.0.1,storm-core/src/jvm/storm/trident/operation/BaseFunction.java,6,0,0,0,0,0,0,0,0,0,0,no
0.9.0.1,storm-core/src/jvm/storm/trident/operation/BaseMultiReducer.java,16,0,0,0,0,0,0,0,0,0,0,no
0.9.0.1,storm-core/src/jvm/storm/trident/operation/BaseOperation.java,15,0,0,0,0,0,0,0,0,0,0,no
0.9.0.1,storm-core/src/jvm/storm/trident/operation/CombinerAggregator.java,12,0,0,0,0,0,0,0,0,0,0,no
0.9.0.1,storm-core/src/jvm/storm/trident/operation/EachOperation.java,5,0,0,0,0,0,0,0,0,0,0,no
0.9.0.1,storm-core/src/jvm/storm/trident/operation/Filter.java,8,0,0,0,0,0,0,0,0,0,0,no
0.9.0.1,storm-core/src/jvm/storm/trident/operation/Function.java,7,0,0,0,0,0,0,0,0,0,0,no
0.9.0.1,storm-core/src/jvm/storm/trident/operation/GroupedMultiReducer.java,14,0,0,0,0,0,0,0,0,0,0,no
0.9.0.1,storm-core/src/jvm/storm/trident/operation/MultiReducer.java,14,0,0,0,0,0,0,0,0,0,0,no
0.9.0.1,storm-core/src/jvm/storm/trident/operation/Operation.java,9,0,0,0,0,0,0,0,0,0,0,no
0.9.0.1,storm-core/src/jvm/storm/trident/operation/ReducerAggregator.java,9,0,0,0,0,0,0,0,0,0,0,no
0.9.0.1,storm-core/src/jvm/storm/trident/operation/TridentCollector.java,9,0,0,0,0,0,0,0,0,0,0,no
0.9.0.1,storm-core/src/jvm/storm/trident/operation/TridentMultiReducerContext.java,19,0,0,0,0,0,0,0,0,0,0,no
0.9.0.1,storm-core/src/jvm/storm/trident/operation/TridentOperationContext.java,48,0,0,0,0,0,0,0,0,0,0,no
0.9.0.1,storm-core/src/jvm/storm/trident/operation/builtin/Count.java,24,0,0,0,0,0,0,0,0,0,0,no
0.9.0.1,storm-core/src/jvm/storm/trident/operation/builtin/Debug.java,22,0,0,0,0,0,0,0,0,0,0,no
0.9.0.1,storm-core/src/jvm/storm/trident/operation/builtin/Equals.java,21,0,0,0,0,0,0,0,0,0,0,no
0.9.0.1,storm-core/src/jvm/storm/trident/operation/builtin/FilterNull.java,14,0,0,0,0,0,0,0,0,0,0,no
0.9.0.1,storm-core/src/jvm/storm/trident/operation/builtin/FirstN.java,108,0,0,0,0,0,0,0,0,0,0,no
0.9.0.1,storm-core/src/jvm/storm/trident/operation/builtin/MapGet.java,21,0,0,0,0,0,0,0,0,0,0,no
0.9.0.1,storm-core/src/jvm/storm/trident/operation/builtin/Negate.java,31,0,0,0,0,0,0,0,0,0,0,no
0.9.0.1,storm-core/src/jvm/storm/trident/operation/builtin/SnapshotGet.java,27,0,0,0,0,0,0,0,0,0,0,no
0.9.0.1,storm-core/src/jvm/storm/trident/operation/builtin/Sum.java,25,0,0,0,0,0,0,0,0,0,0,no
0.9.0.1,storm-core/src/jvm/storm/trident/operation/builtin/TupleCollectionGet.java,29,0,0,0,0,0,0,0,0,0,0,no
0.9.0.1,storm-core/src/jvm/storm/trident/operation/impl/CaptureCollector.java,25,0,0,0,0,0,0,0,0,0,0,no
0.9.0.1,storm-core/src/jvm/storm/trident/operation/impl/ChainedAggregatorImpl.java,96,0,0,0,0,0,0,0,0,0,0,no
0.9.0.1,storm-core/src/jvm/storm/trident/operation/impl/ChainedResult.java,36,0,0,0,0,0,0,0,0,0,0,no
0.9.0.1,storm-core/src/jvm/storm/trident/operation/impl/CombinerAggStateUpdater.java,39,0,0,0,0,0,0,0,0,0,0,no
0.9.0.1,storm-core/src/jvm/storm/trident/operation/impl/CombinerAggregatorCombineImpl.java,44,0,0,0,0,0,0,0,0,0,0,no
0.9.0.1,storm-core/src/jvm/storm/trident/operation/impl/CombinerAggregatorInitImpl.java,32,0,0,0,0,0,0,0,0,0,0,no
0.9.0.1,storm-core/src/jvm/storm/trident/operation/impl/FilterExecutor.java,36,0,0,0,0,0,0,0,0,0,0,no
0.9.0.1,storm-core/src/jvm/storm/trident/operation/impl/GlobalBatchToPartition.java,12,0,0,0,0,0,0,0,0,0,0,no
0.9.0.1,storm-core/src/jvm/storm/trident/operation/impl/GroupCollector.java,31,0,0,0,0,0,0,0,0,0,0,no
0.9.0.1,storm-core/src/jvm/storm/trident/operation/impl/GroupedAggregator.java,79,0,0,0,0,0,0,0,0,0,0,no
0.9.0.1,storm-core/src/jvm/storm/trident/operation/impl/GroupedMultiReducerExecutor.java,78,0,0,0,0,0,0,0,0,0,0,no
0.9.0.1,storm-core/src/jvm/storm/trident/operation/impl/IdentityMultiReducer.java,34,0,0,0,0,0,0,0,0,0,0,no
0.9.0.1,storm-core/src/jvm/storm/trident/operation/impl/IndexHashBatchToPartition.java,12,0,0,0,0,0,0,0,0,0,0,no
0.9.0.1,storm-core/src/jvm/storm/trident/operation/impl/JoinerMultiReducer.java,142,0,0,0,0,0,0,0,0,0,0,no
0.9.0.1,storm-core/src/jvm/storm/trident/operation/impl/ReducerAggStateUpdater.java,36,0,0,0,0,0,0,0,0,0,0,no
0.9.0.1,storm-core/src/jvm/storm/trident/operation/impl/ReducerAggregatorImpl.java,39,0,0,0,0,0,0,0,0,0,0,no
0.9.0.1,storm-core/src/jvm/storm/trident/operation/impl/Result.java,10,0,0,0,0,0,0,0,0,0,0,no
0.9.0.1,storm-core/src/jvm/storm/trident/operation/impl/SingleEmitAggregator.java,78,0,0,0,0,0,0,0,0,0,0,no
0.9.0.1,storm-core/src/jvm/storm/trident/operation/impl/TrueFilter.java,23,0,0,0,0,0,0,0,0,0,0,no
0.9.0.1,storm-core/src/jvm/storm/trident/partition/GlobalGrouping.java,28,0,0,0,0,0,0,0,0,0,0,no
0.9.0.1,storm-core/src/jvm/storm/trident/partition/IdentityGrouping.java,44,0,0,0,0,0,0,0,0,0,0,no
0.9.0.1,storm-core/src/jvm/storm/trident/partition/IndexHashGrouping.java,36,0,0,0,0,0,0,0,0,0,0,no
0.9.0.1,storm-core/src/jvm/storm/trident/planner/BridgeReceiver.java,21,0,0,0,0,0,0,0,0,0,0,no
0.9.0.1,storm-core/src/jvm/storm/trident/planner/Node.java,47,0,0,0,0,0,0,0,0,0,0,no
0.9.0.1,storm-core/src/jvm/storm/trident/planner/NodeStateInfo.java,14,0,0,0,0,0,0,0,0,0,0,no
0.9.0.1,storm-core/src/jvm/storm/trident/planner/PartitionNode.java,35,0,0,0,0,0,0,0,0,0,0,no
0.9.0.1,storm-core/src/jvm/storm/trident/planner/ProcessorContext.java,12,0,0,0,0,0,0,0,0,0,0,no
0.9.0.1,storm-core/src/jvm/storm/trident/planner/ProcessorNode.java,16,0,0,0,0,0,0,0,0,0,0,no
0.9.0.1,storm-core/src/jvm/storm/trident/planner/SpoutNode.java,22,0,0,0,0,0,0,0,0,0,0,no
0.9.0.1,storm-core/src/jvm/storm/trident/planner/SubtopologyBolt.java,201,0,0,0,0,0,0,0,0,0,0,no
0.9.0.1,storm-core/src/jvm/storm/trident/planner/TridentProcessor.java,23,0,0,0,0,0,0,0,0,0,0,no
0.9.0.1,storm-core/src/jvm/storm/trident/planner/TupleReceiver.java,10,0,0,0,0,0,0,0,0,0,0,no
0.9.0.1,storm-core/src/jvm/storm/trident/planner/processor/AggregateProcessor.java,67,0,0,0,0,0,0,0,0,0,0,no
0.9.0.1,storm-core/src/jvm/storm/trident/planner/processor/AppendCollector.java,45,0,0,0,0,0,0,0,0,0,0,no
0.9.0.1,storm-core/src/jvm/storm/trident/planner/processor/EachProcessor.java,63,0,0,0,0,0,0,0,0,0,0,no
0.9.0.1,storm-core/src/jvm/storm/trident/planner/processor/FreshCollector.java,42,0,0,0,0,0,0,0,0,0,0,no
0.9.0.1,storm-core/src/jvm/storm/trident/planner/processor/MultiReducerProcessor.java,76,0,0,0,0,0,0,0,0,0,0,no
0.9.0.1,storm-core/src/jvm/storm/trident/planner/processor/PartitionPersistProcessor.java,90,0,0,0,0,0,0,0,0,0,0,no
0.9.0.1,storm-core/src/jvm/storm/trident/planner/processor/ProjectedProcessor.java,56,0,0,0,0,0,0,0,0,0,0,no
0.9.0.1,storm-core/src/jvm/storm/trident/planner/processor/StateQueryProcessor.java,89,0,0,0,0,0,0,0,0,0,0,no
0.9.0.1,storm-core/src/jvm/storm/trident/planner/processor/TridentContext.java,59,0,0,0,0,0,0,0,0,0,0,no
0.9.0.1,storm-core/src/jvm/storm/trident/spout/BatchSpoutExecutor.java,75,0,0,0,0,0,0,0,0,0,0,no
0.9.0.1,storm-core/src/jvm/storm/trident/spout/IBatchID.java,7,0,0,0,0,0,0,0,0,0,0,no
0.9.0.1,storm-core/src/jvm/storm/trident/spout/IBatchSpout.java,16,0,0,0,0,0,0,0,0,0,0,no
0.9.0.1,storm-core/src/jvm/storm/trident/spout/ICommitterTridentSpout.java,14,0,0,0,0,0,0,0,0,0,0,no
0.9.0.1,storm-core/src/jvm/storm/trident/spout/IOpaquePartitionedTridentSpout.java,45,0,0,0,0,0,0,0,0,0,0,no
0.9.0.1,storm-core/src/jvm/storm/trident/spout/IPartitionedTridentSpout.java,60,0,0,0,0,0,0,0,0,0,0,no
0.9.0.1,storm-core/src/jvm/storm/trident/spout/ISpoutPartition.java,8,0,0,0,0,0,0,0,0,0,0,no
0.9.0.1,storm-core/src/jvm/storm/trident/spout/ITridentSpout.java,77,0,0,0,0,0,0,0,0,0,0,no
0.9.0.1,storm-core/src/jvm/storm/trident/spout/OpaquePartitionedTridentSpoutExecutor.java,184,0,0,0,0,0,0,0,0,0,0,no
0.9.0.1,storm-core/src/jvm/storm/trident/spout/PartitionedTridentSpoutExecutor.java,154,0,0,0,0,0,0,0,0,0,0,no
0.9.0.1,storm-core/src/jvm/storm/trident/spout/RichSpoutBatchExecutor.java,181,0,0,0,0,0,0,0,0,0,0,no
0.9.0.1,storm-core/src/jvm/storm/trident/spout/RichSpoutBatchId.java,32,0,0,0,0,0,0,0,0,0,0,no
0.9.0.1,storm-core/src/jvm/storm/trident/spout/RichSpoutBatchIdSerializer.java,21,0,0,0,0,0,0,0,0,0,0,no
0.9.0.1,storm-core/src/jvm/storm/trident/spout/RichSpoutBatchTriggerer.java,160,0,0,0,0,0,0,0,0,0,0,no
0.9.0.1,storm-core/src/jvm/storm/trident/spout/TridentSpoutCoordinator.java,77,0,0,0,0,0,0,0,0,0,0,no
0.9.0.1,storm-core/src/jvm/storm/trident/spout/TridentSpoutExecutor.java,121,0,0,0,0,0,0,0,0,0,0,no
0.9.0.1,storm-core/src/jvm/storm/trident/state/BaseQueryFunction.java,8,0,0,0,0,0,0,0,0,0,0,no
0.9.0.1,storm-core/src/jvm/storm/trident/state/BaseStateUpdater.java,8,0,0,0,0,0,0,0,0,0,0,no
0.9.0.1,storm-core/src/jvm/storm/trident/state/CombinerValueUpdater.java,19,0,0,0,0,0,0,0,0,0,0,no
0.9.0.1,storm-core/src/jvm/storm/trident/state/ITupleCollection.java,9,0,0,0,0,0,0,0,0,0,0,no
0.9.0.1,storm-core/src/jvm/storm/trident/state/JSONNonTransactionalSerializer.java,27,0,0,0,0,0,0,0,0,0,0,no
0.9.0.1,storm-core/src/jvm/storm/trident/state/JSONOpaqueSerializer.java,35,0,0,0,0,0,0,0,0,0,0,no
0.9.0.1,storm-core/src/jvm/storm/trident/state/JSONTransactionalSerializer.java,33,0,0,0,0,0,0,0,0,0,0,no
0.9.0.1,storm-core/src/jvm/storm/trident/state/OpaqueValue.java,58,16,8,8,8,4,4,1,1,2,2,no
0.9.0.1,storm-core/src/jvm/storm/trident/state/QueryFunction.java,11,0,0,0,0,0,0,0,0,0,0,no
0.9.0.1,storm-core/src/jvm/storm/trident/state/ReadOnlyState.java,14,0,0,0,0,0,0,0,0,0,0,no
0.9.0.1,storm-core/src/jvm/storm/trident/state/ReducerValueUpdater.java,24,0,0,0,0,0,0,0,0,0,0,no
0.9.0.1,storm-core/src/jvm/storm/trident/state/Serializer.java,9,0,0,0,0,0,0,0,0,0,0,no
0.9.0.1,storm-core/src/jvm/storm/trident/state/State.java,22,0,0,0,0,0,0,0,0,0,0,no
0.9.0.1,storm-core/src/jvm/storm/trident/state/StateFactory.java,9,0,0,0,0,0,0,0,0,0,0,no
0.9.0.1,storm-core/src/jvm/storm/trident/state/StateSpec.java,13,0,0,0,0,0,0,0,0,0,0,no
0.9.0.1,storm-core/src/jvm/storm/trident/state/StateType.java,8,0,0,0,0,0,0,0,0,0,0,no
0.9.0.1,storm-core/src/jvm/storm/trident/state/StateUpdater.java,16,0,0,0,0,0,0,0,0,0,0,no
0.9.0.1,storm-core/src/jvm/storm/trident/state/TransactionalValue.java,27,0,0,0,0,0,0,0,0,0,0,no
0.9.0.1,storm-core/src/jvm/storm/trident/state/ValueUpdater.java,6,0,0,0,0,0,0,0,0,0,0,no
0.9.0.1,storm-core/src/jvm/storm/trident/state/map/CachedBatchReadsMap.java,63,0,0,0,0,0,0,0,0,0,0,no
0.9.0.1,storm-core/src/jvm/storm/trident/state/map/CachedMap.java,62,0,0,0,0,0,0,0,0,0,0,no
0.9.0.1,storm-core/src/jvm/storm/trident/state/map/IBackingMap.java,9,0,0,0,0,0,0,0,0,0,0,no
0.9.0.1,storm-core/src/jvm/storm/trident/state/map/MapCombinerAggStateUpdater.java,66,0,0,0,0,0,0,0,0,0,0,no
0.9.0.1,storm-core/src/jvm/storm/trident/state/map/MapReducerAggStateUpdater.java,75,0,0,0,0,0,0,0,0,0,0,no
0.9.0.1,storm-core/src/jvm/storm/trident/state/map/MapState.java,9,0,0,0,0,0,0,0,0,0,0,no
0.9.0.1,storm-core/src/jvm/storm/trident/state/map/MicroBatchIBackingMap.java,68,136,68,68,136,68,68,435,435,1,2,no
0.9.0.1,storm-core/src/jvm/storm/trident/state/map/NonTransactionalMap.java,50,0,0,0,0,0,0,0,0,0,0,no
0.9.0.1,storm-core/src/jvm/storm/trident/state/map/OpaqueMap.java,103,0,0,0,0,0,0,0,0,0,0,no
0.9.0.1,storm-core/src/jvm/storm/trident/state/map/ReadOnlyMapState.java,9,0,0,0,0,0,0,0,0,0,0,no
0.9.0.1,storm-core/src/jvm/storm/trident/state/map/SnapshottableMap.java,59,0,0,0,0,0,0,0,0,0,0,no
0.9.0.1,storm-core/src/jvm/storm/trident/state/map/TransactionalMap.java,92,0,0,0,0,0,0,0,0,0,0,no
0.9.0.1,storm-core/src/jvm/storm/trident/state/snapshot/ReadOnlySnapshottable.java,7,0,0,0,0,0,0,0,0,0,0,no
0.9.0.1,storm-core/src/jvm/storm/trident/state/snapshot/Snapshottable.java,10,0,0,0,0,0,0,0,0,0,0,no
0.9.0.1,storm-core/src/jvm/storm/trident/testing/CountAsAggregator.java,30,0,0,0,0,0,0,0,0,0,0,no
0.9.0.1,storm-core/src/jvm/storm/trident/testing/FeederBatchSpout.java,168,0,0,0,0,0,0,0,0,0,0,no
0.9.0.1,storm-core/src/jvm/storm/trident/testing/FeederCommitterBatchSpout.java,79,0,0,0,0,0,0,0,0,0,0,no
0.9.0.1,storm-core/src/jvm/storm/trident/testing/FixedBatchSpout.java,80,38,19,19,24,12,12,1,1,2,2,no
0.9.0.1,storm-core/src/jvm/storm/trident/testing/IFeeder.java,6,0,0,0,0,0,0,0,0,0,0,no
0.9.0.1,storm-core/src/jvm/storm/trident/testing/LRUMemoryMapState.java,137,3,1,1,0,0,0,8,17,2,3,no
0.9.0.1,storm-core/src/jvm/storm/trident/testing/MemoryBackingMap.java,30,0,0,0,0,0,0,0,0,0,0,no
0.9.0.1,storm-core/src/jvm/storm/trident/testing/MemoryMapState.java,134,3,1,1,0,0,0,8,17,2,3,no
0.9.0.1,storm-core/src/jvm/storm/trident/testing/MockTridentTuple.java,149,0,0,0,0,0,0,0,0,0,0,no
0.9.0.1,storm-core/src/jvm/storm/trident/testing/Split.java,19,0,0,0,0,0,0,0,0,0,0,no
0.9.0.1,storm-core/src/jvm/storm/trident/testing/StringLength.java,15,0,0,0,0,0,0,0,0,0,0,no
0.9.0.1,storm-core/src/jvm/storm/trident/testing/TrueFilter.java,13,0,0,0,0,0,0,0,0,0,0,no
0.9.0.1,storm-core/src/jvm/storm/trident/testing/TuplifyArgs.java,20,0,0,0,0,0,0,0,0,0,0,no
0.9.0.1,storm-core/src/jvm/storm/trident/topology/BatchInfo.java,16,0,0,0,0,0,0,0,0,0,0,no
0.9.0.1,storm-core/src/jvm/storm/trident/topology/ITridentBatchBolt.java,15,0,0,0,0,0,0,0,0,0,0,no
0.9.0.1,storm-core/src/jvm/storm/trident/topology/MasterBatchCoordinator.java,268,0,0,0,0,0,0,0,0,0,0,no
0.9.0.1,storm-core/src/jvm/storm/trident/topology/TransactionAttempt.java,49,0,0,0,0,0,0,0,0,0,0,no
0.9.0.1,storm-core/src/jvm/storm/trident/topology/TridentBoltExecutor.java,408,0,0,0,0,0,0,0,0,0,0,no
0.9.0.1,storm-core/src/jvm/storm/trident/topology/TridentTopologyBuilder.java,705,0,0,0,0,0,0,0,0,0,0,no
0.9.0.1,storm-core/src/jvm/storm/trident/topology/state/RotatingTransactionalState.java,130,36,12,12,33,11,11,9,17,2,3,no
0.9.0.1,storm-core/src/jvm/storm/trident/topology/state/TransactionalState.java,118,0,0,0,0,0,0,0,0,0,0,no
0.9.0.1,storm-core/src/jvm/storm/trident/tuple/ComboList.java,75,0,0,0,0,0,0,0,0,0,0,no
0.9.0.1,storm-core/src/jvm/storm/trident/tuple/ConsList.java,27,0,0,0,0,0,0,0,0,0,0,no
0.9.0.1,storm-core/src/jvm/storm/trident/tuple/TridentTuple.java,55,0,0,0,0,0,0,0,0,0,0,no
0.9.0.1,storm-core/src/jvm/storm/trident/tuple/TridentTupleView.java,311,0,0,0,0,0,0,0,0,0,0,no
0.9.0.1,storm-core/src/jvm/storm/trident/tuple/ValuePointer.java,44,0,0,0,0,0,0,0,0,0,0,no
0.9.0.1,storm-core/src/jvm/storm/trident/util/ErrorEdgeFactory.java,11,0,0,0,0,0,0,0,0,0,0,no
0.9.0.1,storm-core/src/jvm/storm/trident/util/IndexedEdge.java,33,0,0,0,0,0,0,0,0,0,0,no
0.9.0.1,storm-core/src/jvm/storm/trident/util/LRUMap.java,18,0,0,0,0,0,0,0,0,0,0,no
0.9.0.1,storm-core/src/jvm/storm/trident/util/TridentUtils.java,115,0,0,0,0,0,0,0,0,0,0,no
0.9.0.1,storm-netty/src/jvm/backtype/storm/messaging/netty/Client.java,201,640,29,199,463,21,199,5,17,6,22,no
0.9.0.1,storm-netty/src/jvm/backtype/storm/messaging/netty/Context.java,50,115,14,50,97,12,50,8,17,2,8,no
0.9.0.1,storm-netty/src/jvm/backtype/storm/messaging/netty/ControlMessage.java,51,249,28,72,153,17,51,7,17,2,9,no
0.9.0.1,storm-netty/src/jvm/backtype/storm/messaging/netty/MessageBatch.java,153,462,116,153,459,115,153,10,17,2,4,no
0.9.0.1,storm-netty/src/jvm/backtype/storm/messaging/netty/MessageDecoder.java,68,140,23,68,129,22,68,8,17,2,6,no
0.9.0.1,storm-netty/src/jvm/backtype/storm/messaging/netty/MessageEncoder.java,22,65,9,22,-28,-4,22,8,17,2,7,no
0.9.0.1,storm-netty/src/jvm/backtype/storm/messaging/netty/Server.java,120,261,33,114,250,31,114,7,17,5,8,no
0.9.0.1,storm-netty/src/jvm/backtype/storm/messaging/netty/StormClientHandler.java,111,316,32,111,230,23,111,8,17,2,10,no
0.9.0.1,storm-netty/src/jvm/backtype/storm/messaging/netty/StormClientPipelineFactory.java,27,59,12,27,48,10,27,11,17,2,5,no
0.9.0.1,storm-netty/src/jvm/backtype/storm/messaging/netty/StormServerHandler.java,59,150,21,59,126,18,59,9,17,2,7,no
0.9.0.1,storm-netty/src/jvm/backtype/storm/messaging/netty/StormServerPipelineFactory.java,28,60,12,28,49,10,28,11,17,2,5,no
0.9.1-incubating,src/jvm/storm/kafka/Broker.java,63,12,12,12,7,7,7,2,2,1,1,no
0.9.1-incubating,src/jvm/storm/kafka/BrokerHosts.java,11,0,0,0,0,0,0,0,0,0,0,no
0.9.1-incubating,src/jvm/storm/kafka/DynamicBrokersReader.java,128,83,42,79,0,0,0,18,28,1,2,no
0.9.1-incubating,src/jvm/storm/kafka/DynamicPartitionConnections.java,77,23,12,18,2,1,2,18,28,1,2,no
0.9.1-incubating,src/jvm/storm/kafka/FailedFetchException.java,12,12,12,12,12,12,12,11,11,1,1,no
0.9.1-incubating,src/jvm/storm/kafka/KafkaConfig.java,32,9,5,8,-3,-1,0,20,28,1,2,no
0.9.1-incubating,src/jvm/storm/kafka/KafkaError.java,30,32,16,29,30,15,29,7,11,1,2,no
0.9.1-incubating,src/jvm/storm/kafka/KafkaSpout.java,173,26,13,26,-17,-8,7,20,28,1,2,no
0.9.1-incubating,src/jvm/storm/kafka/KafkaUtils.java,168,9,9,9,9,9,9,3,3,1,1,no
0.9.1-incubating,src/jvm/storm/kafka/Partition.java,47,26,9,23,0,0,0,12,28,1,3,no
0.9.1-incubating,src/jvm/storm/kafka/PartitionCoordinator.java,9,1,1,1,1,1,1,28,28,1,1,no
0.9.1-incubating,src/jvm/storm/kafka/PartitionManager.java,232,64,16,51,-5,-1,2,11,28,1,4,no
0.9.1-incubating,src/jvm/storm/kafka/SpoutConfig.java,19,0,0,0,0,0,0,0,0,0,0,no
0.9.1-incubating,src/jvm/storm/kafka/StaticCoordinator.java,34,6,6,6,0,0,0,28,28,1,1,no
0.9.1-incubating,src/jvm/storm/kafka/StaticHosts.java,21,7,7,7,-3,-3,-3,28,28,1,1,no
0.9.1-incubating,src/jvm/storm/kafka/StaticPartitionConnections.java,35,5,3,4,0,0,0,18,28,1,2,no
0.9.1-incubating,src/jvm/storm/kafka/StringScheme.java,23,0,0,0,0,0,0,0,0,0,0,no
0.9.1-incubating,src/jvm/storm/kafka/ZkCoordinator.java,98,24,24,24,0,0,0,28,28,1,1,no
0.9.1-incubating,src/jvm/storm/kafka/ZkHosts.java,22,11,11,11,0,0,0,28,28,1,1,no
0.9.1-incubating,src/jvm/storm/kafka/ZkState.java,99,37,37,37,2,2,2,28,28,1,1,no
0.9.1-incubating,src/jvm/storm/kafka/trident/Coordinator.java,37,19,10,18,1,1,1,20,28,1,2,no
0.9.1-incubating,src/jvm/storm/kafka/trident/DefaultCoordinator.java,14,1,1,1,0,0,0,28,28,1,1,no
0.9.1-incubating,src/jvm/storm/kafka/trident/GlobalPartitionInformation.java,85,113,23,43,45,9,26,8,28,2,5,no
0.9.1-incubating,src/jvm/storm/kafka/trident/IBatchCoordinator.java,9,1,1,1,1,1,1,28,28,1,1,no
0.9.1-incubating,src/jvm/storm/kafka/trident/IBrokerReader.java,8,1,1,1,1,1,1,28,28,1,1,no
0.9.1-incubating,src/jvm/storm/kafka/trident/MaxMetric.java,23,6,6,6,4,4,4,28,28,1,1,no
0.9.1-incubating,src/jvm/storm/kafka/trident/OpaqueTridentKafkaSpout.java,42,7,7,7,0,0,0,28,28,1,1,no
0.9.1-incubating,src/jvm/storm/kafka/trident/StaticBrokerReader.java,19,3,3,3,0,0,0,28,28,1,1,no
0.9.1-incubating,src/jvm/storm/kafka/trident/TransactionalTridentKafkaSpout.java,41,4,4,4,0,0,0,28,28,1,1,no
0.9.1-incubating,src/jvm/storm/kafka/trident/TridentKafkaConfig.java,20,3,3,3,0,0,0,28,28,1,1,no
0.9.1-incubating,src/jvm/storm/kafka/trident/TridentKafkaEmitter.java,257,214,71,209,-13,-4,4,14,28,1,3,no
0.9.1-incubating,src/jvm/storm/kafka/trident/ZkBrokerReader.java,45,6,6,6,0,0,0,28,28,1,1,no
0.9.1-incubating,src/test/storm/kafka/DynamicBrokersReaderTest.java,153,122,61,108,0,0,0,18,28,1,2,no
0.9.1-incubating,src/test/storm/kafka/KafkaErrorTest.java,39,39,39,39,39,39,39,2,2,1,1,no
0.9.1-incubating,src/test/storm/kafka/KafkaTestBroker.java,52,52,52,52,52,52,52,11,11,1,1,no
0.9.1-incubating,src/test/storm/kafka/KafkaUtilsTest.java,110,110,55,90,110,55,90,6,11,1,2,no
